-- phpMyAdmin SQL Dump
-- version 3.5.4
-- http://www.phpmyadmin.net
--
-- Host: localhost
-- Generation Time: Jan 29, 2013 at 06:32 PM
-- Server version: 5.5.29
-- PHP Version: 5.4.11

SET SQL_MODE="NO_AUTO_VALUE_ON_ZERO";
SET time_zone = "+00:00";


/*!40101 SET @OLD_CHARACTER_SET_CLIENT=@@CHARACTER_SET_CLIENT */;
/*!40101 SET @OLD_CHARACTER_SET_RESULTS=@@CHARACTER_SET_RESULTS */;
/*!40101 SET @OLD_COLLATION_CONNECTION=@@COLLATION_CONNECTION */;
/*!40101 SET NAMES utf8 */;

--
-- Database: `464277`
--

-- --------------------------------------------------------

--
-- Table structure for table `igraci`
--

CREATE TABLE IF NOT EXISTS `igraci` (
  `id` int(10) NOT NULL AUTO_INCREMENT,
  `idIgraca` varchar(200) NOT NULL,
  `idIgre` int(10) NOT NULL,
  `uloga` varchar(1) NOT NULL,
  `latitude` varchar(30) NOT NULL,
  `longitude` varchar(30) NOT NULL,
  `na_poziciji` tinyint(1) DEFAULT NULL,
  PRIMARY KEY (`id`)
) ENGINE=MyISAM  DEFAULT CHARSET=latin1 AUTO_INCREMENT=669 ;

--
-- Dumping data for table `igraci`
--

INSERT INTO `igraci` (`id`, `idIgraca`, `idIgre`, `uloga`, `latitude`, `longitude`, `na_poziciji`) VALUES
(668, 'APA91bFHhKdxc6M_jmxvn6Jbq8ZisNDDeXQXk8Tm-XeHjElrN7nJstM8T2tsAjl_UeqnS74iSrAimMt5WA0iOnDauLFCZJAZd2DZ5Nn1QwbJWPzU2OBSC8IzBxYLBMpD6bYuPKUiFj28vRJQyOFSOk8sZXzJtii6eA', 251, 'P', '43.318083', '21.891874', 1),
(551, '1111', 218, 'P', '43.31875166666667', '21.90308333333333', 0),
(552, 'APA91bGTKdcZgOv6GsFp_6143zoTK6WQQbn1Hp6CKuWnGFO1IqbFccdwPmtnQkXsHkxj-HiuYX0ZZgtnb1rfdA1H3C_zUVl01fEFH2tBIoy3RaGt0bQCiTN8zgeR7yPzW2p8WjeYrirVzQBh3HT-lCisxwCfCPmK4g', 218, 'P', '43.318741', '21.903048', 0),
(553, 'APA91bHKWm2TLYWvHma88sGD_UB6YOCkX9gZNRcG2aHaavVZzBvj6AVv6dESzs5gzkAzfRsoI6hKdBOx-VSq8pp8_rmVl5y351HVWhFEp9UFQG9sQjzPG_bMyAZgjaP_TXPrWtF13ZQ5Td9tnl7OdzYL36M9vd3VUA', 219, 'P', '43.318751', '21.903062', 0),
(566, 'APA91bFdr07p_VDGLAgsK_VLZXyh_bpEoIBcuRdAkQiOK7klPl9X60rOAeQu_b_p2oTZiWhVtkPSLB5Pp0oCjBoGV6zt5QgLR2J2UZsYo0VmUMb84t3AppWpTw_rtvBHuBwWWJf55PwBF2BE0tCANSC1Gf3CjdMFAQ', 222, 'P', '43.318751', '21.903062', 0),
(554, 'APA91bFVFcAzTpf8g3_SeF1IbkA2j2bXUgC_6njPDhytXzZaGWqGF6_ADXGu3i9zICw6HiVJQvqTZCgLt3fGgHC8y5vOPt3o34DyemSWbqp9lPAMQ6rA0ONmWSS-1qWNSvDwGG45hYY9c0unIQm8uhrq16lF6bTh3w', 219, 'P', '43.318615', '21.89267166666667', 0),
(555, 'APA91bEIbGDuSkEDDNN2Phondqyr3B7iGeHd2NYtvwKahZnVuNgYWx1PaRY8FP2jjTPImeXBXLGsrtoIxg9jkAe_4tpNhBJu81m4ys2l9_S0ifUoPrABrD2qR3CpCNHnXxpT6SB8QSN7bedAX1N5rtrP_2Dt3c_6og', 219, 'L', '43.313948333333336', '21.89539', 0),
(556, 'APA91bGTKdcZgOv6GsFp_6143zoTK6WQQbn1Hp6CKuWnGFO1IqbFccdwPmtnQkXsHkxj-HiuYX0ZZgtnb1rfdA1H3C_zUVl01fEFH2tBIoy3RaGt0bQCiTN8zgeR7yPzW2p8WjeYrirVzQBh3HT-lCisxwCfCPmK4g', 219, 'P', '43.318741', '21.903048', 0),
(557, 'APA91bFZzl2vV1ONBU00nobXa8V_9p6_zEZYpZm-z5MpCqiAR4ociJ3v0Q2_lgDxSFhZQ_C2S1FhUrhs0zdyisSrLCx6xHqJaM2o5k9qzudRFC7PoUKR_M52k0SJpLlMKshnXtGFzedicirFB4lV7bKpRcv035OmHg', 220, 'P', '43.318751', '21.903062', 0),
(558, 'APA91bFVFcAzTpf8g3_SeF1IbkA2j2bXUgC_6njPDhytXzZaGWqGF6_ADXGu3i9zICw6HiVJQvqTZCgLt3fGgHC8y5vOPt3o34DyemSWbqp9lPAMQ6rA0ONmWSS-1qWNSvDwGG45hYY9c0unIQm8uhrq16lF6bTh3w', 220, 'P', '43.31875166666667', '21.90308333333333', 0),
(559, 'APA91bGTKdcZgOv6GsFp_6143zoTK6WQQbn1Hp6CKuWnGFO1IqbFccdwPmtnQkXsHkxj-HiuYX0ZZgtnb1rfdA1H3C_zUVl01fEFH2tBIoy3RaGt0bQCiTN8zgeR7yPzW2p8WjeYrirVzQBh3HT-lCisxwCfCPmK4g', 220, 'P', '43.318751', '21.90302', 0),
(560, 'APA91bFHlbYqG7C-QMdnO3PH-Wv0lIaJkRlIuRa6-FRyw2cjP9WXmLcWIOU3-OrXy1EjLcAms3vWC_QdIpVmUrn6zJZqqP-0ISUM0B7Y7L-tQJ0zvdyHQq3zZkCyL6scdk4XSC9iQOXC6Jxm6ezZOVJR8sXkBEqBUA', 220, 'L', '43.31875166666667', '21.90308333333333', 0),
(561, 'APA91bFVFcAzTpf8g3_SeF1IbkA2j2bXUgC_6njPDhytXzZaGWqGF6_ADXGu3i9zICw6HiVJQvqTZCgLt3fGgHC8y5vOPt3o34DyemSWbqp9lPAMQ6rA0ONmWSS-1qWNSvDwGG45hYY9c0unIQm8uhrq16lF6bTh3w', 220, 'L', '0.0', '0.0', 0),
(562, 'APA91bFHlbYqG7C-QMdnO3PH-Wv0lIaJkRlIuRa6-FRyw2cjP9WXmLcWIOU3-OrXy1EjLcAms3vWC_QdIpVmUrn6zJZqqP-0ISUM0B7Y7L-tQJ0zvdyHQq3zZkCyL6scdk4XSC9iQOXC6Jxm6ezZOVJR8sXkBEqBUA', 221, 'L', '43.31875166666667', '21.90308333333333', 0),
(563, 'APA91bHB-lgjLuREqBAe2k6fSNPVkZMnJ5HazsqfMQ1nG72BvkYWOOPwFCYPuZYyCi5hE9QRhwrI2PESs8NLCfnNK6YRLxziWZGq11OFsO9dsie0hLpNI13jpusuajC0owyTFQ0mKZyIQNPe0L4iaiTUfKbfHIcM3A', 221, 'P', '43.318751', '21.90302', 0),
(564, 'APA91bGQZPrxKhCHNasxx1BJm3lqQhtJEBDNCNNjBOl4KqU3SE7XX5DEpoefKAMxnuoKJRQidGlBAp5K1DyKitX603bhpZxi9-yc9eaT6u3CjehnIkqakSEXPqCL1KhPWPlpjuplUCMg_buRpPmvHbopJxRcLPjzuA', 221, 'P', '43.31875166666667', '21.90308333333333', 0),
(565, 'APA91bEZZHdOQT3mSxT5x42cdkyFrlQ2U4L4hpe8Wgs9aky3yQttK7utu_N6WJFdQKUFiWn8DYUvgScRjZ8LsjarbQLx03KgWUHlqfsiiskCd2VZzwvFf4FaENjydJUfLca3gBUzSoFgfsZj5eflbmstqGlGd_7rTQ', 221, 'P', '43.318751', '21.903062', 0),
(567, 'APA91bGQZPrxKhCHNasxx1BJm3lqQhtJEBDNCNNjBOl4KqU3SE7XX5DEpoefKAMxnuoKJRQidGlBAp5K1DyKitX603bhpZxi9-yc9eaT6u3CjehnIkqakSEXPqCL1KhPWPlpjuplUCMg_buRpPmvHbopJxRcLPjzuA', 222, 'P', '43.31875166666667', '21.90308333333333', 0),
(568, 'APA91bGGsBbpKDCuoKGSieAtUnD952nv0-2Y63nL0RwtDwkDioMCdyRi9kZT1j0QJCwoI5faXp8DhcKaKtevk-8-x_ubTc7dpnh-Fr7IzmknBfcG_vZmpvcVqrHAjCE6WEDAs0ZyU1JGfyJAwho_MYXH8zmL2__JJQ', 222, 'P', '43.318751', '21.90302', 0),
(569, 'APA91bEUCQy04y6oECcvA9G0gDyez0elbHSS-wAo_94MLx8_bQHg3rCVefCes4jj29DZOFsuQTDT37j0Y-DOyi5esBL-8LB8U1uyNwGsOizjLbB3o42ynn6O1GbrD3aKOsjzZ7iOHubf-yNsRK16mEbVx-2Bk96JJg', 222, 'L', '43.31875166666667', '21.90308333333333', 0),
(570, 'APA91bEPwn9k_maBQo5b4mmd65V9rOCEMav7aWTzOUHK4b1YEYNaMjn6y4TdXjfHwjiFoKxVsiy8QabAY18OhaB1Cpobtz22taAZ5Uy6y3D40KxpzsRrkIC3UqM5nMIVktA4mrQWEGRgHRS99OLYJY9tFCcGxZs2ww', 223, 'P', '43.318751', '21.903062', 0),
(571, 'APA91bFZcTcI0jU5SjW2vIqUzjqqSidlbKjl7B89-f1HZZNjVB9Y_4SuAVYm68pTfxjWTlDHWXBg3nhzmNrPfIXta-P-zNxrU8UwmBkJk8MVnbaUhKihIxXDA3g1FcANCFrzIQGVQvwgK-ZC1CGuwuWtlJ9qFs4v8Q', 223, 'P', '43.309272', '21.902639', 0),
(572, 'APA91bFRXuCRXWGgohyOplBdDPFopctubZ49Pt1G6AU-gnyFcUHqXjaoeWGyGl9rwgv4_pmm6j0QYT77LOnTywW77VSmg5ysE4lNQ_VStrf2GehC657KUevbNg7B3luu2k1AYEVoBcaevgdsryTvRitFM0V7veCilg', 223, 'P', '43.31875166666667', '21.90308333333333', 0),
(573, 'APA91bGPgLn9jYnMsDgCQSSpICWrUt6xH7cEMOSOkaHpKsP9ABRywkp8qPArwHRS7ztX70SCTZc6DomtA1yGxtWHU5AaK-9djcpxaVvP4F3bLZY74iDTI7mja3_s7c0lYCH_iIbs1OMMbhrUc4wIxQYNg8JS8rbz6Q', 223, 'L', '43.30922999999999', '21.902815', 0),
(574, 'APA91bFf4gVGiOCmBqpEUpMjO724ckYPSyHnLdW7gr_kzmShTA20VSnjCMsrzfwGRfhH0VSyFw5aKQD6v1qe9Mg-qy8gcYzLQWJ3vs4ykuznIMoRx3tNXDVLWRs2kN6al2tV8fMH56YJZbECcrfbhKEqDMgQAwzDtQ', 224, 'P', '43.318751', '21.903062', 0),
(575, 'APA91bGMzsvx_vPzunzYKsP1QSCI5wSxwXtsUKxcBue_-zpB6ltryVBmaEIheydeaSvUNPspYZBlx-JS_mYuxEJJ8xt_D_U9yhibz0k2nZFxBExTvR7C9PnAPKrulWHcghoT-V4xOzFk_KIcXtd0F0UVvJQX3foiFw', 224, 'L', '43.31875166666667', '21.90308333333333', 0),
(576, 'APA91bFpN7qm3YP_jSQ_Fc6G0qgIThY5CYDoHc1cbWor6fnDBGbZPsPHQEulnZzleFLqzrEqmLQxL9CmWlRLZU5eD9F3m2t_c5m3Vx5MoWqmK_FYGeC7fFFVbXt4Sp7mWYOCx1yKQClhpoHeAcTIKUZ2iYGQcLVqvQ', 224, 'P', '43.318754', '21.903098', 0),
(577, 'APA91bGCeEGipiMnRl6ZKk8mThTRRvsZBrp-dE8B3LMO6kjyX2fIxORYQsGFhRep7Zxc9MppIm6EEavA2eYaarUVkTqJYSKl9W_EUARzXHsgo-pCPLZxRYC0CloRFYlETpUw5MGLo5H0iUT33Ff5IDceuUU6PVscRg', 224, 'P', '43.31875166666667', '21.90308333333333', 0),
(578, 'APA91bFf4gVGiOCmBqpEUpMjO724ckYPSyHnLdW7gr_kzmShTA20VSnjCMsrzfwGRfhH0VSyFw5aKQD6v1qe9Mg-qy8gcYzLQWJ3vs4ykuznIMoRx3tNXDVLWRs2kN6al2tV8fMH56YJZbECcrfbhKEqDMgQAwzDtQ', 225, 'P', '43.318751', '21.903062', 1),
(579, 'APA91bGMzsvx_vPzunzYKsP1QSCI5wSxwXtsUKxcBue_-zpB6ltryVBmaEIheydeaSvUNPspYZBlx-JS_mYuxEJJ8xt_D_U9yhibz0k2nZFxBExTvR7C9PnAPKrulWHcghoT-V4xOzFk_KIcXtd0F0UVvJQX3foiFw', 225, 'P', '43.31875166666667', '21.90308333333333', 1),
(580, 'APA91bGCeEGipiMnRl6ZKk8mThTRRvsZBrp-dE8B3LMO6kjyX2fIxORYQsGFhRep7Zxc9MppIm6EEavA2eYaarUVkTqJYSKl9W_EUARzXHsgo-pCPLZxRYC0CloRFYlETpUw5MGLo5H0iUT33Ff5IDceuUU6PVscRg', 225, 'L', '43.311434999999996', '21.898408333333336', 1),
(581, 'APA91bFpN7qm3YP_jSQ_Fc6G0qgIThY5CYDoHc1cbWor6fnDBGbZPsPHQEulnZzleFLqzrEqmLQxL9CmWlRLZU5eD9F3m2t_c5m3Vx5MoWqmK_FYGeC7fFFVbXt4Sp7mWYOCx1yKQClhpoHeAcTIKUZ2iYGQcLVqvQ', 225, 'P', '43.318754', '21.903098', 1),
(582, 'APA91bFNZKt1EGPHcF5xqoH9gjVt1smEBjF0FaZuI2_eWaCgqohxUw6uh-ueFhHpPS8uGPHZaNAlMOPpilICjuzzHxBWHIP4cYX_6DjI4ziVaQXumfoZFnKem5QKARlWbZrNXgeMtREDCEBCsVpsoM1AOjWDf9i9MA', 226, 'P', '43.318736', '21.903022', 0),
(583, 'APA91bG5QI2BQJot0sxMI8ejkDPumvWqKy_W_2JGAnjycYqV1IYaUTFcQO3_lXgfCOWvy6WYndvKv26E-hGWQbd1hFA32gVUUbM2Hm8-v-vNZB-U1-iYxiT7ug3JBCc3yDE9jhy3PQCFVoIE1tIBFhlqnK2f2q_AZQ', 226, 'P', '43.318993', '21.898088', 0),
(584, 'APA91bFZlf8BZNcEACk7inJTS4d3u5ambaLlavKghgTnVo6K7J82ik8JUUvDEoJVMOdFOytIu0yaVbep24HG1SvTRJrjdyPQpHrQpJ0FJ26Qj5c8KPgZFNwtefWmYo5CqXoRLUwlEgbCV0lrz9vBvfW6-q7HdgOUAw', 226, 'L', '43.30922999999999', '21.902815', 0),
(585, 'APA91bGCeEGipiMnRl6ZKk8mThTRRvsZBrp-dE8B3LMO6kjyX2fIxORYQsGFhRep7Zxc9MppIm6EEavA2eYaarUVkTqJYSKl9W_EUARzXHsgo-pCPLZxRYC0CloRFYlETpUw5MGLo5H0iUT33Ff5IDceuUU6PVscRg', 226, 'P', '43.30922999999999', '21.902815', 0),
(586, 'APA91bFNZKt1EGPHcF5xqoH9gjVt1smEBjF0FaZuI2_eWaCgqohxUw6uh-ueFhHpPS8uGPHZaNAlMOPpilICjuzzHxBWHIP4cYX_6DjI4ziVaQXumfoZFnKem5QKARlWbZrNXgeMtREDCEBCsVpsoM1AOjWDf9i9MA', 227, 'P', '43.318736', '21.903022', 0),
(587, 'APA91bFZlf8BZNcEACk7inJTS4d3u5ambaLlavKghgTnVo6K7J82ik8JUUvDEoJVMOdFOytIu0yaVbep24HG1SvTRJrjdyPQpHrQpJ0FJ26Qj5c8KPgZFNwtefWmYo5CqXoRLUwlEgbCV0lrz9vBvfW6-q7HdgOUAw', 227, 'L', '43.31875166666667', '21.90308333333333', 0),
(588, 'APA91bHQUXZkVrBUM3Q51je_6HicXsP_FaN3RN27nmuksBFQBBqfdVtl_lRCOxEJcxD8LsC9Cd9rkrduq0mlc60PrEGrKG0oS1w8B8c8yQq8q0suKrKkZ0I8WMmsmULBnASO5qt2otk1bSKcCKtLVSVYexMp5898Ig', 227, 'P', '43.318724', '21.90301', 0),
(589, 'APA91bFhFzUHl1yUcamK_Z2a0PzXSk_6O6sDThoEXlo6vwVGGHWxJOmgO1DpwCBhjMvo_cVhoIE8h07PImbyJ0u9UDwupcyII3TJWzJfRLb1SOV9tnxTQe75DZEzAf2sGzRjheqI9sUlDIvlQPMWaIyGYwB8S0cEYQ', 227, 'P', '43.31875166666667', '21.90308333333333', 0),
(590, 'APA91bFIlAhBJerVR1h6aEU43ke1rmKL-zohwF2WFHyfBGqav6MTDo9ooZS6rSaAuFivOvUzhcrBhBRkQij_11z2KEV1HI9TGRuPYJSLwT2JfphTSQP8PRa1L9FXtqjnjvzxJ7HNOwWGRXskGwyk9i7cGmcFtHgqRQ', 228, 'P', '43.318736', '21.903022', 1),
(591, 'APA91bGBIGQetIfq50ykOBuOIP5T3AKkf_njXmMX7tiXuwF3c2kDWv0IPOIIOp1yiC8JnPNGyeikp1UpMq5qfahwVgcNUy-7KMNcSzFWEjBcofDZkZFegKGip0RIHbULofKSY4iSbg50mPQQFYlyTxfUrvUMLuVBjg', 228, 'P', '43.318724', '21.90301', 1),
(592, 'APA91bHjY_uhVq2prgyJDVwLuWPtECb-E-pgzzluEp8ke_ELkEyxKL8y6XOuy4_Z4ybcgOwNE-pn8Zdc6L4dqRb1KbS85PiCBTjyJu1hrTxZKGIEVrlsg-ko0PpqVkUqPhxvrlZfsNQJyHawvJzAY5Wm9JYvebJapw', 228, 'P', '43.31875166666667', '21.90308333333333', 1),
(593, 'APA91bGOj5YL0KgORfB-LuzvIrMNYNOdQJ07NEPIesTPXwhlcU2_i_87rw7nvQrqC5O6tU8KN3l8GTMGOMW_qMwwXEh7LAY1VQLupV-BArwN93ZqRc3L8KAPMyb8CqQ8SP0SsYNAiHEhBBnM8Nw-MFXFnkyeDRvx9Q', 228, 'L', '43.31452833333333', '21.88848666666667', 1),
(594, 'APA91bEUohxqry9jBo_K9lvCU5tZ4j4HYvjGmbnM4LdnGczU50H9QswZNo5IUVTMv7jJ8yaHExBxsgM6KwQG5KrEkO4WEATOr3aMvYsNLnF3hsXbEg9aUAYN_2uqeYhZzYX9oiSY6f8OUr5JMAFUl3Lb1hS5N4Jlqw', 229, 'P', '43.318736', '21.903022', 1),
(595, 'APA91bGyOtH04Nu0hnpffSDvbC_QkIKL6rHnYtTeNJT3Kq2CkPKcJvlOdHhtmI4MTJff8sI-HZ9rEHvQSWFdVu_jKOV9BP8bWBt80fxlAzk0IJTwJj_kq67nwDjGvDh8PBjywjTlwxMZpK7lV7ZbNLZTr78w6tmt3g', 229, 'P', '43.318724', '21.90301', 1),
(596, 'APA91bHjY_uhVq2prgyJDVwLuWPtECb-E-pgzzluEp8ke_ELkEyxKL8y6XOuy4_Z4ybcgOwNE-pn8Zdc6L4dqRb1KbS85PiCBTjyJu1hrTxZKGIEVrlsg-ko0PpqVkUqPhxvrlZfsNQJyHawvJzAY5Wm9JYvebJapw', 229, 'P', '43.31875166666667', '21.90308333333333', 1),
(597, 'APA91bGOj5YL0KgORfB-LuzvIrMNYNOdQJ07NEPIesTPXwhlcU2_i_87rw7nvQrqC5O6tU8KN3l8GTMGOMW_qMwwXEh7LAY1VQLupV-BArwN93ZqRc3L8KAPMyb8CqQ8SP0SsYNAiHEhBBnM8Nw-MFXFnkyeDRvx9Q', 229, 'L', '43.31452833333333', '21.88848666666667', 1),
(598, 'APA91bH6MW5r-WsJWTbF0pIuZfE2_cxnhWGhjf9pVmZ5pcV5pc5aoVkeo4Vt0udDUKHUWOTlnt-B8s51nuufwMejZkVXUeaRocsFWBvJsMLFw-fDnHGb6d_4gpE8P4Igj5s6Va3wuMDWqrTsiLODBWWHGd_maq0o8w', 230, 'P', '43.318736', '21.903022', 1),
(599, 'APA91bFP7dnuNhorK5PaDxUm7znmVb7ZIdMyt7N7cbG3J5wqwN7dHXwpIhM3VbUNNCUKcZekuOQVYWZKs9AxTu1o2-KTyxQ4DB7j5Ns7FTWkRl4gY-ie5VIo_Oun7ObE4HBEsJgDRR1EPk-TsxvMykTPuMpSjjSJuQ', 230, 'P', '43.31875166666667', '21.90308333333333', 1),
(600, 'APA91bFMCqvelYKRxVll5NoPx6Tuh4nfvbMv7mmbfpA-ahJO6YCYKlDuC-LNqUULBEbYvuz-qNDKYymgc6xohpgl6Arrma_XY4OeWacOvhQo3jJz6qM-ESkrMwV0SlMPMyCarJjzZkl-X9IHfeHVVZ1CdIshANtS4w', 230, 'P', '43.318724', '21.90301', 1),
(601, 'APA91bGOKL1eCFkk_i-ov2jfpK5NuSSBuSm7QHUJPSZf9qgayOUkFohCLjs-r4xZuVotxvnDAm2NjvMf_Npic5yl08KMwwp4F9BACmfYYw9xPBEi85P_SbrK5SChwhLiv9pVfW5kvQ_G3yNO667XBAJ6dxsOxYAFVA', 230, 'L', '43.31452833333333', '21.88848666666667', 1),
(602, 'APA91bE40N1F66VTiEO7JnMZO1PScMk2jNObKuNgXHMHJE6uPvuUtssqjPXNcVFFr-0GVk1SbmOWxmPehb9zHeIM8Xj7TGtWuTA7plU1fnKcjYnrO1QhkWEOzZICZcA3thXRdLCTxD21sn794aXyja5piD_sXq7RpA', 231, 'P', '0.0', '0.0', 0),
(603, 'APA91bGq_p7duwKhHDAjhosmblQ-cn9sNPpTLVFNIad7K92MTehN9tazEJPb4z3KJYfFFm4Pb8TjRhq0WNCVf7sBnfMSeOQnDxFG6zuUGdLQRdZZkLnMRTGsvQ3bnLgqrRK5OeIA2yO5KYItbo4sG5jNoBel7O1GcQ', 231, 'P', '0.0', '0.0', 0),
(604, 'APA91bFP7dnuNhorK5PaDxUm7znmVb7ZIdMyt7N7cbG3J5wqwN7dHXwpIhM3VbUNNCUKcZekuOQVYWZKs9AxTu1o2-KTyxQ4DB7j5Ns7FTWkRl4gY-ie5VIo_Oun7ObE4HBEsJgDRR1EPk-TsxvMykTPuMpSjjSJuQ', 232, 'P', '43.319808333333334', '21.89534666666667', 0),
(605, 'APA91bHhuqDSae7CDICh3xGhYR_D7Q03ADK_JC2zMWtMpkwFL1GkKc0TrdzlFeGsF7POP5TpOoDXngQ6fkXujv9WZdFbXIapnNJ3Otkr1sXJ4Bqx4Nv6yUMfa_ltvgaLdpsc88QkYalUIRnCYKiAXBz8sW2mOFejxQ', 232, 'L', '43.319808333333334', '21.89534666666667', 0),
(606, 'APA91bGq_p7duwKhHDAjhosmblQ-cn9sNPpTLVFNIad7K92MTehN9tazEJPb4z3KJYfFFm4Pb8TjRhq0WNCVf7sBnfMSeOQnDxFG6zuUGdLQRdZZkLnMRTGsvQ3bnLgqrRK5OeIA2yO5KYItbo4sG5jNoBel7O1GcQ', 232, 'P', '43.318776', '21.903068', 0),
(607, 'APA91bGf3GHOplqnb1VWsuKzyfO-uKFZurcw5tJwzxfdg4ciGDXjvoP7eeu2KKOxxRgqOQhiWbHP1-4VdocHn-HkMBKWDB0JTSyXqV8mb6_8v0Uwe-IsVTZjrSc1Z2O7l5m4tNC5zWZoOcYQhd_T4GTWJ_bVD_2_8g', 232, 'P', '43.318736', '21.903022', 0),
(608, 'APA91bG5bx99pvLH31RuoXkZOk_Czel-5B58OLieoMRO_04jYJRa-S8Dk7pRxDx0GKP-u0zV6y3OnExrkdytskSkXvQz0uwIxUC_WYlqDj5a98y8YMvRVYQ_Qia9Ltue0zzIoyG2l0ASLqH07TGA5wwUmQtbJvrzXQ', 233, 'P', '43.318736', '21.903022', 0),
(609, 'APA91bGq_p7duwKhHDAjhosmblQ-cn9sNPpTLVFNIad7K92MTehN9tazEJPb4z3KJYfFFm4Pb8TjRhq0WNCVf7sBnfMSeOQnDxFG6zuUGdLQRdZZkLnMRTGsvQ3bnLgqrRK5OeIA2yO5KYItbo4sG5jNoBel7O1GcQ', 233, 'P', '43.318776', '21.903068', 0),
(610, 'APA91bFP7dnuNhorK5PaDxUm7znmVb7ZIdMyt7N7cbG3J5wqwN7dHXwpIhM3VbUNNCUKcZekuOQVYWZKs9AxTu1o2-KTyxQ4DB7j5Ns7FTWkRl4gY-ie5VIo_Oun7ObE4HBEsJgDRR1EPk-TsxvMykTPuMpSjjSJuQ', 233, 'P', '43.31875166666667', '21.90308333333333', 0),
(611, 'APA91bHhuqDSae7CDICh3xGhYR_D7Q03ADK_JC2zMWtMpkwFL1GkKc0TrdzlFeGsF7POP5TpOoDXngQ6fkXujv9WZdFbXIapnNJ3Otkr1sXJ4Bqx4Nv6yUMfa_ltvgaLdpsc88QkYalUIRnCYKiAXBz8sW2mOFejxQ', 233, 'L', '43.31875166666667', '21.90308333333333', 0),
(612, 'APA91bHAKA783ifYcRWi7dGDpRM0KIjgLPeMGzILC7R-9JXc9YmT3S5A9D0S4hj7WY1ejGSCHoqPLbAr7AXe59Mfw0aCdv207s6PTo1LCdVJt2M7C0YojAn24wXGtq_bNoN6LYlHb9sP2W20YAlV2BrIRf3dAWkZHg', 231, 'P', '0.0', '0.0', 0),
(613, 'APA91bHRPvfdm5TCL6pJ-yzQzcuFCZcoMLHScOk9zWvq9j7QQMohFU-wGTdeGxZcsK3DD5PX0-SVITeXXA-zAaDc5VGNozb-R7VoKjTkr_sICdj9h-FLA53T4BpCF2I3GQ7S1KtfnulcMKl9vg-n-qiehMm_ZFUWww', 234, 'P', '43.318078', '21.891963', 1),
(614, 'APA91bF_4UmadFcV9orQN33AilkMqDY_8xJeOvFpB36tmawTljmiPfQxemLFF6gK9EgvuUgyQkQBoPhpOuYZkt61_LHadLy6PQB1p8CcUjlCiw-suYC91Kl6ICRF9rKU9iZBc0QOhqBKxkzBmG6sk8yizgPF7I3rDw', 234, 'P', '0.0', '0.0', 0),
(615, 'APA91bGQD00CJfblbIg0DDg8fm2HgvLGLE1U58gePwE4w5FshyenBPNPLr_wtcie71MjCZ9TL00I6yxmTeYMZSleRyvwph00J7N9HLmf_UJ_YTkmu7yNJ8nPRs4PqOsT3WmGxN5SbJPLUJgj-754ZAM6MEPHaPDu5A', 234, 'P', '43.31809666666666', '21.891946666666666', 1),
(616, 'APA91bH1iBTmtxSelLWtjg01860arn9RYBdQuoeKVKNY_pAZAoGJnsV-A-_Kfnf5d3XwL6WtDk-3cHuTx4sz5kN2RtXfF9fualv3nLoCuLndPjjPO6wLoUqNCUEtP7ATlcnx7ZWLaWy2RPzhnQnesd3thHfeSOfU9g', 234, 'L', '43.32197666666666', '21.893908333333336', 1),
(617, 'APA91bF_4UmadFcV9orQN33AilkMqDY_8xJeOvFpB36tmawTljmiPfQxemLFF6gK9EgvuUgyQkQBoPhpOuYZkt61_LHadLy6PQB1p8CcUjlCiw-suYC91Kl6ICRF9rKU9iZBc0QOhqBKxkzBmG6sk8yizgPF7I3rDw', 235, 'P', '43.31913726820353', '21.93555871161563', 0),
(618, 'APA91bFnCV3m9S33UJQnP-xyaeAgHWOY9Mczd7W_1dG2HKcUevgOqqmcSIpdKNvApaiByE_NdTmE1oRHBnt3E7QfN4iaHftoZla7ZwBhSVIw9G5XMxf25gD3_QBMX1ztNZtlPEGWeTTviKqFV1kekEqhMyqS27fgtA', 235, 'P', '43.322036', '21.913305', 0),
(619, 'APA91bH1iBTmtxSelLWtjg01860arn9RYBdQuoeKVKNY_pAZAoGJnsV-A-_Kfnf5d3XwL6WtDk-3cHuTx4sz5kN2RtXfF9fualv3nLoCuLndPjjPO6wLoUqNCUEtP7ATlcnx7ZWLaWy2RPzhnQnesd3thHfeSOfU9g', 235, 'L', '43.319233333333344', '21.93560166666667', 0),
(620, 'APA91bGQD00CJfblbIg0DDg8fm2HgvLGLE1U58gePwE4w5FshyenBPNPLr_wtcie71MjCZ9TL00I6yxmTeYMZSleRyvwph00J7N9HLmf_UJ_YTkmu7yNJ8nPRs4PqOsT3WmGxN5SbJPLUJgj-754ZAM6MEPHaPDu5A', 235, 'P', '43.316810000000004', '21.888869999999997', 0),
(621, 'APA91bHdDLaOkW3DfAvxyNO9S-wy_m1XMdi3GhWfMkHOngK8gmQGwnyg7QG7qqmJCRt1_ctFEUS3zmO15dhKFyeeqj1ZM4yzzjrOVMcxigTq0PaNCg79DJqnCNnQbumgZS2wEadqaUbm3wBEc9wGQC3J5kG-jAsl7Q', 236, 'P', '0.0', '0.0', 0),
(622, 'APA91bH9Xw9qKdsE8EaojZOyYK734gozfAPyiigWNhyiqHFNQVJ8NncHj9gJad6Z2M0VMNnwi8nzZK8wXAjXo5oADU7iTF7n8cSBQyasDn35CiwqSEh2DLCL7HMbEePJPRUxhd-Rq5GqvbViI5Wh-f7R8pJLAwH35w', 236, 'P', '43.317943', '21.892043', 1),
(623, 'APA91bH1iBTmtxSelLWtjg01860arn9RYBdQuoeKVKNY_pAZAoGJnsV-A-_Kfnf5d3XwL6WtDk-3cHuTx4sz5kN2RtXfF9fualv3nLoCuLndPjjPO6wLoUqNCUEtP7ATlcnx7ZWLaWy2RPzhnQnesd3thHfeSOfU9g', 236, 'L', '43.32197666666666', '21.893908333333336', 1),
(624, 'APA91bHOOIvbDnqjJ-xGjJnbqrXyVX8pS-l0yQ3RQdfBv2969MrvQsjrKfm8-ttT5pvb3Gnoj5VJ3t93T6zCoFU2OHeLIt3kOAO_bGeSsHsidpLhIKowNVbQKTBobAXiX-Caeq9eU3J5vC47v2x6R3SPcL0-ccJqEg', 237, 'P', '43.318083', '21.891874', 0),
(625, 'APA91bFP7dnuNhorK5PaDxUm7znmVb7ZIdMyt7N7cbG3J5wqwN7dHXwpIhM3VbUNNCUKcZekuOQVYWZKs9AxTu1o2-KTyxQ4DB7j5Ns7FTWkRl4gY-ie5VIo_Oun7ObE4HBEsJgDRR1EPk-TsxvMykTPuMpSjjSJuQ', 237, 'P', '43.31809666666666', '21.891946666666666', 0),
(626, 'APA91bEk_8ZQysotKfZGo4LtcMyjj9nZFp5sY6uPcqYcfc3B49aFZFeH1AvnylD4Njbo2VUUDZkOCv0tgCb4VFpp7DO4tT5Di1S0ToX77NSMPDl13408p-tlWfEWQHn-SlTHrL_vkIoHNP8h6FKS_T3TraVswpqq6Q', 237, 'P', '43.317943', '21.892043', 0),
(627, 'APA91bEXd8-8HX_VHB-cJAzd4prfgXxZ_syL3PMxAQMXDq7o8VYoSRdUUeF8vx533ewUeb8-CdJNsQHY5avX-ay2_FRG08-rnXYRg0jdgSu_nM_oXUVYmNc5loRFugRtBmWbVQQdoTQJHjHggtF4twGUhnMaaPL91Q', 237, 'L', '43.31809666666666', '21.891946666666666', 0),
(628, 'APA91bFVV0bRBOUekUH0-fwUkdmHg4IMUm6eRY_zxo3hSMAEJ1oV0K9wnGsCSj3qau9vN59T3iwHbyMP2jqI4cs279gx7ybJJwtmtSo5fDQ0eZoKXc-xgWKZZXk6P_IfFe8kWpmCUdaUd3ge6c-Mk2bb0ugphPQnjA', 238, 'P', '43.318083', '21.891874', 0),
(629, 'APA91bGl6wrrUW4ihUHT7NzUDuiFW3ohM7E1Defd49qUziGlfur7TZ5LC3AT-QVJznpyHYHfjD6Jq4tBymcYMeI8vcclxpMgZozvLignKcxYinh5DdCJEzxKxPmD4f8I8_zxnwD0ns_mJsm3_6-LDKXbX_HI2BAnjA', 238, 'L', '43.32197666666666', '21.893908333333336', 1),
(630, 'APA91bGeheX4i8oKId4BArwgNVSB-3Z9799sAGv9C6ofaOLY8E748gGF1BRBD0aQoFhzoqYuOw_uNRsltDXZ0k0szU2ZDSJKyFLZmjYJILP-sqc9VnCUMxrQnbv0Pa8xHzonCcR2BzakKf9USCLTzIvd3sGPqW9b5g', 238, 'P', '43.31809666666666', '21.891946666666666', 1),
(631, 'APA91bG74uS_BIpYMdHeRRBxA1Ov7i0806eWtIhEcab66rSxcA53J2Nsx_sUZIyS40aQqIcihOPNR8VGXKpAImGJz5viNjPPvADAoUc1B_lWe4lRUOKvGzbXwlhvi-_MVtPSGWChOc12TD9bv2YUM45Egk8HqCYGrw', 238, 'P', '43.317943', '21.892043', 1),
(632, 'APA91bG74uS_BIpYMdHeRRBxA1Ov7i0806eWtIhEcab66rSxcA53J2Nsx_sUZIyS40aQqIcihOPNR8VGXKpAImGJz5viNjPPvADAoUc1B_lWe4lRUOKvGzbXwlhvi-_MVtPSGWChOc12TD9bv2YUM45Egk8HqCYGrw', 238, 'L', '0.0', '0.0', 0),
(633, 'APA91bFuA4n65oHoGfVHQPExrTw-LtohOLk-ajcmG_r7n-yHbhmunpGs5a0wFZ_qHDBxX1mHmSd7zT7n6yzQVQFEUL-14C9TSkY7em3vP5-8u0JepNFrFzsgKvSa4nk6syYoApj-BAnsEaD7kf9eUeFXdihroosA1g', 239, 'P', '43.318083', '21.891874', 1),
(634, 'APA91bEdozwasIZRbe5C1NFT0H9d5iM_YwEKEJ2WyhtiGh-qSWcMUhoLF7cpp4OdDb_9VyZhAxAM0NLRtIKg8mCxTrgEwjh2Fjs8qEdrW8SB9K1kD-JoFxsoL7DtbPEv7vD7bcMPZ_5R2dFcnYhBg68EPrg5MYVFlQ', 239, 'L', '43.312625', '21.892875000000004', 1),
(635, 'APA91bGjsdQyL150VmPoeYzGefoPpVJDf5iy2wqFP9CnOA8FXsf0pp4WetPQDbG4d7Oqum7gqras-U7Z5eWtMvUmC9Hqn2sD5xoS_YKWW1IETXcsgJ9qZ3yUROCpW47_ffIUd1iE_BL--XE7QmQIg97FXL88pAkKtA', 231, 'L', '0.0', '0.0', 0),
(636, 'APA91bGeheX4i8oKId4BArwgNVSB-3Z9799sAGv9C6ofaOLY8E748gGF1BRBD0aQoFhzoqYuOw_uNRsltDXZ0k0szU2ZDSJKyFLZmjYJILP-sqc9VnCUMxrQnbv0Pa8xHzonCcR2BzakKf9USCLTzIvd3sGPqW9b5g', 239, 'P', '43.31809666666666', '21.891946666666666', 1),
(637, 'APA91bGjsdQyL150VmPoeYzGefoPpVJDf5iy2wqFP9CnOA8FXsf0pp4WetPQDbG4d7Oqum7gqras-U7Z5eWtMvUmC9Hqn2sD5xoS_YKWW1IETXcsgJ9qZ3yUROCpW47_ffIUd1iE_BL--XE7QmQIg97FXL88pAkKtA', 239, 'P', '43.317932', '21.891668', 1),
(638, 'APA91bFQu6lI1cnHTv3c9A2FsmzMbI8VxUwB9Hda1nBOqlXidcBh6RbXwCrsNHXwjSlNCYFgPB9o_pbBr8GA-XOTMcekPGc8TCAaY6A5ULKYY4eauHRCCJPiyDmJSSN3vg2ml_GifJSF_FVk0OHIfDqeUPHQWlUFAw', 240, 'P', '43.318083', '21.891874', 1),
(639, 'APA91bHjSCFNRNCz00j6XHnw5Nxkbt_7LsTBT-GtaO8Di1VD0q8i49a6EwgivyfQgxIA1bzx3aL1w0vcqsOUxxBOyAZXRYF_yj9EGXpe2EmzTEn6c_SkOY1UQdWDLU3e3mq7tkLGUpJIBLSlMfFrO2C6S259VVZJIQ', 240, 'L', '43.318615', '21.89267166666667', 1),
(640, 'APA91bGjsdQyL150VmPoeYzGefoPpVJDf5iy2wqFP9CnOA8FXsf0pp4WetPQDbG4d7Oqum7gqras-U7Z5eWtMvUmC9Hqn2sD5xoS_YKWW1IETXcsgJ9qZ3yUROCpW47_ffIUd1iE_BL--XE7QmQIg97FXL88pAkKtA', 240, 'P', '43.317932', '21.891668', 1),
(641, 'APA91bGeheX4i8oKId4BArwgNVSB-3Z9799sAGv9C6ofaOLY8E748gGF1BRBD0aQoFhzoqYuOw_uNRsltDXZ0k0szU2ZDSJKyFLZmjYJILP-sqc9VnCUMxrQnbv0Pa8xHzonCcR2BzakKf9USCLTzIvd3sGPqW9b5g', 240, 'P', '43.31809666666666', '21.891946666666666', 1),
(642, 'APA91bEQj0QXv7aiTOmjwAjOAXM0adkJtQYDRJIBN68bGbErYl1TxDuSgFZm8xSBK0pi7TzXNZfa4iVw_nczwqdsOXsBFBzuo9UrBYMZ2WxEd_bZ3xkjbldM6Jf6N69Zf0q911cHfHiLF0s6k0plUuUfy66vycI-dg', 241, 'P', '43.318083', '21.891874', 1),
(643, 'APA91bHRpbKZq-1bwtRtUk523_xzfcF9yshtFAR08ZCQ-Hkfg52TZCWt1xMUcxrLo1vUWAWAvyjO6uq1_tPbSAIbkDfxxbHgyo5mo7RQ_oh-WS6BZJi5cH7Uxnj1ReqyOFnC04cjlFqViyf_-V9lY6cJfJipy8OxQg', 241, 'P', '43.31809666666666', '21.891946666666666', 1),
(644, 'APA91bHCbUpMGbacqBrYxOp7AbcL1K2_4iKyIBNKsgs4v99Mw14pOTLJGVkIXpgtz4Lnpl5HcWlhNQwwZp9Q4LkFrEoYEYYG0ERjEH4u1Yg4Rn0pd6dQnKAbRo5GyjBXjNGi6ZGCZccsLW4kM5L6LCRGamaoCXIu4w', 241, 'P', '43.317932', '21.891668', 1),
(645, 'APA91bGJvNXLdAzhRtOnO6Ov-Gcj0-Vm9YBpeL-idbI9VXc5-JbCLEoELjqQ6ixbZI5xaEk6NqVJpNzz0B3viBMN1xNO2OlEfQDSIsDdczitPRNiVdD3tUWSGeQUYXyljCb7cZP_IrRXG8KgVyrGnVbbbeshlNSTig', 241, 'L', '43.313948333333336', '21.89539', 1),
(646, 'APA91bH0Z2MR7PKmr3HyyqEgmzFyGQhtWYh-N9vNidVXivFaQD6BpaWZ_LC8XKpxnSRQu9vb90aNzy4FoWGXNXNOn6gm69sxw3vkJQBtkqE3V7mNtghwsRUvKeBHaM7k4qobZxj2cdeCmfZBf6j49uKxFu0LbJU67g', 242, 'L', '43.317932', '21.891668', 0),
(647, 'APA91bH0Z2MR7PKmr3HyyqEgmzFyGQhtWYh-N9vNidVXivFaQD6BpaWZ_LC8XKpxnSRQu9vb90aNzy4FoWGXNXNOn6gm69sxw3vkJQBtkqE3V7mNtghwsRUvKeBHaM7k4qobZxj2cdeCmfZBf6j49uKxFu0LbJU67g', 243, 'L', '0.0', '0.0', 0),
(648, 'APA91bGJvNXLdAzhRtOnO6Ov-Gcj0-Vm9YBpeL-idbI9VXc5-JbCLEoELjqQ6ixbZI5xaEk6NqVJpNzz0B3viBMN1xNO2OlEfQDSIsDdczitPRNiVdD3tUWSGeQUYXyljCb7cZP_IrRXG8KgVyrGnVbbbeshlNSTig', 244, 'L', '0.0', '0.0', 0),
(649, 'APA91bH0Z2MR7PKmr3HyyqEgmzFyGQhtWYh-N9vNidVXivFaQD6BpaWZ_LC8XKpxnSRQu9vb90aNzy4FoWGXNXNOn6gm69sxw3vkJQBtkqE3V7mNtghwsRUvKeBHaM7k4qobZxj2cdeCmfZBf6j49uKxFu0LbJU67g', 245, 'L', '0.0', '0.0', 0),
(650, 'APA91bH0Z2MR7PKmr3HyyqEgmzFyGQhtWYh-N9vNidVXivFaQD6BpaWZ_LC8XKpxnSRQu9vb90aNzy4FoWGXNXNOn6gm69sxw3vkJQBtkqE3V7mNtghwsRUvKeBHaM7k4qobZxj2cdeCmfZBf6j49uKxFu0LbJU67g', 236, 'P', '43.317932', '21.891668', 1),
(651, 'APA91bH0Z2MR7PKmr3HyyqEgmzFyGQhtWYh-N9vNidVXivFaQD6BpaWZ_LC8XKpxnSRQu9vb90aNzy4FoWGXNXNOn6gm69sxw3vkJQBtkqE3V7mNtghwsRUvKeBHaM7k4qobZxj2cdeCmfZBf6j49uKxFu0LbJU67g', 242, 'P', '43.317932', '21.891668', 0),
(652, 'APA91bH0Z2MR7PKmr3HyyqEgmzFyGQhtWYh-N9vNidVXivFaQD6BpaWZ_LC8XKpxnSRQu9vb90aNzy4FoWGXNXNOn6gm69sxw3vkJQBtkqE3V7mNtghwsRUvKeBHaM7k4qobZxj2cdeCmfZBf6j49uKxFu0LbJU67g', 242, 'P', '43.317932', '21.891668', 0),
(653, 'APA91bHaQ6i9LSysuwyLXtCUH60trQE9mkjwNGPtExUH6btp01SF0tgP0aUtfaMN931HIpy-3JOIH5MJpksqSNC-7Lz5Qb059arqWIPl7baR14Z3VEslfwVA212Of6C-cOkuwRteJnKTioG8O0yhsvTNyOzDoIy2Vg', 242, 'P', '43.317932', '21.891668', 0),
(654, 'APA91bE1KSZxa1pyU_dhQjSJrCLrzZVFwH-5b0Ru0_hFe8UfRfbMrUBvbTJqWc19Xyx-EKJFj9XJGqIuoBXMlq8ZKj6AAHHfa3xPVQo5M2mADTbYzWEawhpjxxHJY5K6lhXJ55B9KYZpJvHZl7zTD1BF6WGlvD1Pnw', 243, 'P', '43.317932', '21.891668', 1),
(655, 'APA91bH3G8u8lPWd15h0jcrIKuceXbAetY_GeNRhy7VzfpFqL6a826uWyA2fqJZ51mu4yyyvxwP5FI_AyZigulP5ManWhHiNi1-X3q78N5TJG7dyLKCTHps6ewQ8AQ-eSYJP3CBartm9giEjlNVfirIN52MXWJDNhw', 243, 'P', '43.317932', '21.891668', 1),
(656, 'APA91bFAoczsunjKd7n1M619HN0PtyvG83IUKpRmehcsWdTBskIhMDw17PJXBMwKs37m4jczH1i0QyaFn43uz3KBHoopewKZ-8wbUFcLbLJwoWQVi4cIunLpUhSbTnF0BbL_ngBbgZ0EeqDNl1jvg2ZMISOngEZm-A', 243, 'P', '43.317932', '21.891668', 1),
(657, 'APA91bGWZQpHo69VvOuOJtZ0IfUNrtxoXjQR6Nw959vxt2VHpx7NBxmhbfd2qKKpC7thA9sQ6n9YhGwyRXBpzszCTMc0iwm77oeJSoaQlvT4I-KWglWcWe3aQxAJLLEnRDp8BG-cOSA9oyoALeaoyo0Eymzw4uRxUw', 246, 'P', '43.318083', '21.891874', 0),
(658, 'APA91bGJvNXLdAzhRtOnO6Ov-Gcj0-Vm9YBpeL-idbI9VXc5-JbCLEoELjqQ6ixbZI5xaEk6NqVJpNzz0B3viBMN1xNO2OlEfQDSIsDdczitPRNiVdD3tUWSGeQUYXyljCb7cZP_IrRXG8KgVyrGnVbbbeshlNSTig', 246, 'P', '43.31809666666666', '21.891946666666666', 0),
(659, 'APA91bHRpbKZq-1bwtRtUk523_xzfcF9yshtFAR08ZCQ-Hkfg52TZCWt1xMUcxrLo1vUWAWAvyjO6uq1_tPbSAIbkDfxxbHgyo5mo7RQ_oh-WS6BZJi5cH7Uxnj1ReqyOFnC04cjlFqViyf_-V9lY6cJfJipy8OxQg', 246, 'L', '43.32197666666666', '21.893908333333336', 0),
(660, 'APA91bFuZ7PdUZd3p9lWH12-v3jSdprL761IzDazK3_Cm4UgTQgEmX8ET2NU1yIlDo9BhNMYxkVwsPBB-z5bxiFL8AaJA6-bx3u7rEGL3-Wmepets28I4hOya5_ycE9GjBm7wXHDEBGpG3D74_AaUKsBn09eCs47RQ', 246, 'P', '43.317932', '21.891668', 0),
(661, 'APA91bGWZQpHo69VvOuOJtZ0IfUNrtxoXjQR6Nw959vxt2VHpx7NBxmhbfd2qKKpC7thA9sQ6n9YhGwyRXBpzszCTMc0iwm77oeJSoaQlvT4I-KWglWcWe3aQxAJLLEnRDp8BG-cOSA9oyoALeaoyo0Eymzw4uRxUw', 247, 'P', '43.318083', '21.891874', 1),
(662, 'APA91bFHhKdxc6M_jmxvn6Jbq8ZisNDDeXQXk8Tm-XeHjElrN7nJstM8T2tsAjl_UeqnS74iSrAimMt5WA0iOnDauLFCZJAZd2DZ5Nn1QwbJWPzU2OBSC8IzBxYLBMpD6bYuPKUiFj28vRJQyOFSOk8sZXzJtii6eA', 248, 'P', '43.318083', '21.891874', 1),
(663, 'APA91bFHhKdxc6M_jmxvn6Jbq8ZisNDDeXQXk8Tm-XeHjElrN7nJstM8T2tsAjl_UeqnS74iSrAimMt5WA0iOnDauLFCZJAZd2DZ5Nn1QwbJWPzU2OBSC8IzBxYLBMpD6bYuPKUiFj28vRJQyOFSOk8sZXzJtii6eA', 245, 'P', '43.318083', '21.891874', 1);

-- --------------------------------------------------------

--
-- Table structure for table `igre`
--

CREATE TABLE IF NOT EXISTS `igre` (
  `id` int(10) NOT NULL AUTO_INCREMENT,
  `ime` varchar(15) NOT NULL,
  `idMape` int(10) NOT NULL,
  `status` int(11) DEFAULT NULL,
  `vreme` time DEFAULT NULL,
  PRIMARY KEY (`id`)
) ENGINE=MyISAM  DEFAULT CHARSET=latin1 AUTO_INCREMENT=252 ;

--
-- Dumping data for table `igre`
--

INSERT INTO `igre` (`id`, `ime`, `idMape`, `status`, `vreme`) VALUES
(218, 'igra1', 1, 1, NULL),
(219, 'igra2', 1, 1, NULL),
(220, 'igra3', 1, 1, NULL),
(221, 'igra4', 1, 1, NULL),
(222, 'igra7', 1, 1, NULL),
(223, 'igra8', 1, 1, NULL),
(224, 'igra10', 1, 1, NULL),
(225, 'igra11', 1, 2, NULL),
(226, 'igra12', 1, 1, NULL),
(227, 'igra13', 1, 1, NULL),
(228, 'igra14', 1, 2, NULL),
(229, 'igra15', 1, 2, NULL),
(230, 'igra16', 1, 2, NULL),
(231, 'proba', 1, 1, NULL),
(232, 'proba1', 1, 1, NULL),
(233, 'ppp', 1, 1, NULL),
(234, 'testttt', 1, 1, NULL),
(235, 'pppp', 1, 1, NULL),
(236, 'restart1', 1, 1, NULL),
(237, 'start2', 1, 1, NULL),
(238, 'start3', 1, 1, NULL),
(239, 'start4', 1, 2, NULL),
(240, 'start5', 1, 2, NULL),
(241, 'start6', 1, 2, NULL),
(242, 'tr', 1, 1, NULL),
(243, 'vgy', 1, 1, NULL),
(244, 'qweq', 1, NULL, NULL),
(245, 'yyy', 1, NULL, NULL),
(251, 'gff', 1, NULL, NULL);

-- --------------------------------------------------------

--
-- Table structure for table `mape`
--

CREATE TABLE IF NOT EXISTS `mape` (
  `id` int(10) NOT NULL AUTO_INCREMENT,
  `latitude1` varchar(30) NOT NULL,
  `longitude1` varchar(30) NOT NULL,
  `latitude2` varchar(30) NOT NULL,
  `longitude2` varchar(30) NOT NULL,
  `latitude3` varchar(30) NOT NULL,
  `longitude3` varchar(30) NOT NULL,
  `latitude4` varchar(30) NOT NULL,
  `longitude4` varchar(30) NOT NULL,
  PRIMARY KEY (`id`)
) ENGINE=MyISAM  DEFAULT CHARSET=latin1 AUTO_INCREMENT=2 ;

--
-- Dumping data for table `mape`
--

INSERT INTO `mape` (`id`, `latitude1`, `longitude1`, `latitude2`, `longitude2`, `latitude3`, `longitude3`, `latitude4`, `longitude4`) VALUES
(1, '43.328664', '21.886868', '43.329288', '21.90764', '43.313615', '21.887126', '43.31362', '21.907833');

-- --------------------------------------------------------

--
-- Table structure for table `objekti`
--

CREATE TABLE IF NOT EXISTS `objekti` (
  `id` int(10) NOT NULL AUTO_INCREMENT,
  `naziv` varchar(30) NOT NULL,
  `idMape` int(10) NOT NULL,
  `latitude` varchar(30) NOT NULL,
  `longitude` varchar(30) NOT NULL,
  `cena` varchar(10) NOT NULL,
  PRIMARY KEY (`id`)
) ENGINE=MyISAM  DEFAULT CHARSET=latin1 AUTO_INCREMENT=8 ;

--
-- Dumping data for table `objekti`
--

INSERT INTO `objekti` (`id`, `naziv`, `idMape`, `latitude`, `longitude`, `cena`) VALUES
(1, 'banka1', 1, '43.318156', '21.894725', '1000'),
(2, 'banka2', 1, '43.317454', '21.894548', '2000'),
(3, 'menjacnica1', 1, '43.31980895996094', '21.895347595214844', '3000'),
(4, 'menjacnica2', 1, '43.31504821777344', '21.89154815673828', '4000'),
(5, 'zlatara', 1, '43.316810607910156', '21.888870239257813', '5000'),
(6, 'sigurna kuca', 1, '43.321977', '21.893909', '0'),
(7, 'policija', 1, '43.318098', '21.891947', '0');

-- --------------------------------------------------------

--
-- Table structure for table `objekti_statusi`
--

CREATE TABLE IF NOT EXISTS `objekti_statusi` (
  `id` int(10) NOT NULL AUTO_INCREMENT,
  `idIgre` int(10) NOT NULL,
  `idObjekta` int(10) NOT NULL,
  `status` varchar(5) DEFAULT NULL,
  PRIMARY KEY (`id`)
) ENGINE=MyISAM  DEFAULT CHARSET=latin1 AUTO_INCREMENT=1716 ;

--
-- Dumping data for table `objekti_statusi`
--

INSERT INTO `objekti_statusi` (`id`, `idIgre`, `idObjekta`, `status`) VALUES
(1478, 218, 1, '0'),
(1479, 218, 2, '0'),
(1480, 218, 3, '0'),
(1481, 218, 4, '0'),
(1482, 218, 5, '0'),
(1483, 218, 6, '0'),
(1484, 218, 7, '0'),
(1485, 219, 1, '0'),
(1486, 219, 2, '0'),
(1487, 219, 3, '0'),
(1488, 219, 4, '0'),
(1489, 219, 5, '0'),
(1490, 219, 6, '0'),
(1491, 219, 7, '0'),
(1492, 220, 1, '0'),
(1493, 220, 2, '0'),
(1494, 220, 3, '0'),
(1495, 220, 4, '0'),
(1496, 220, 5, '0'),
(1497, 220, 6, '0'),
(1498, 220, 7, '0'),
(1499, 221, 1, '0'),
(1500, 221, 2, '0'),
(1501, 221, 3, '0'),
(1502, 221, 4, '0'),
(1503, 221, 5, '0'),
(1504, 221, 6, '0'),
(1505, 221, 7, '0'),
(1506, 222, 1, '0'),
(1507, 222, 2, '0'),
(1508, 222, 3, '0'),
(1509, 222, 4, '0'),
(1510, 222, 5, '0'),
(1511, 222, 6, '0'),
(1512, 222, 7, '0'),
(1513, 223, 1, '0'),
(1514, 223, 2, '0'),
(1515, 223, 3, '0'),
(1516, 223, 4, '0'),
(1517, 223, 5, '0'),
(1518, 223, 6, '0'),
(1519, 223, 7, '0'),
(1520, 224, 1, '0'),
(1521, 224, 2, '0'),
(1522, 224, 3, '0'),
(1523, 224, 4, '0'),
(1524, 224, 5, '0'),
(1525, 224, 6, '0'),
(1526, 224, 7, '0'),
(1527, 225, 1, NULL),
(1528, 225, 2, NULL),
(1529, 225, 3, NULL),
(1530, 225, 4, NULL),
(1531, 225, 5, NULL),
(1532, 225, 6, NULL),
(1533, 225, 7, NULL),
(1534, 226, 1, '0'),
(1535, 226, 2, '0'),
(1536, 226, 3, '0'),
(1537, 226, 4, '0'),
(1538, 226, 5, '0'),
(1539, 226, 6, '0'),
(1540, 226, 7, '0'),
(1541, 227, 1, '0'),
(1542, 227, 2, '0'),
(1543, 227, 3, '0'),
(1544, 227, 4, '0'),
(1545, 227, 5, '0'),
(1546, 227, 6, '0'),
(1547, 227, 7, '0'),
(1548, 228, 1, NULL),
(1549, 228, 2, NULL),
(1550, 228, 3, NULL),
(1551, 228, 4, NULL),
(1552, 228, 5, NULL),
(1553, 228, 6, NULL),
(1554, 228, 7, NULL),
(1555, 229, 1, NULL),
(1556, 229, 2, NULL),
(1557, 229, 3, NULL),
(1558, 229, 4, NULL),
(1559, 229, 5, NULL),
(1560, 229, 6, NULL),
(1561, 229, 7, NULL),
(1562, 230, 1, NULL),
(1563, 230, 2, NULL),
(1564, 230, 3, NULL),
(1565, 230, 4, NULL),
(1566, 230, 5, NULL),
(1567, 230, 6, NULL),
(1568, 230, 7, NULL),
(1569, 231, 1, NULL),
(1570, 231, 2, NULL),
(1571, 231, 3, NULL),
(1572, 231, 4, NULL),
(1573, 231, 5, NULL),
(1574, 231, 6, NULL),
(1575, 231, 7, NULL),
(1576, 232, 1, '0'),
(1577, 232, 2, '0'),
(1578, 232, 3, '0'),
(1579, 232, 4, '0'),
(1580, 232, 5, '0'),
(1581, 232, 6, '0'),
(1582, 232, 7, '0'),
(1583, 233, 1, '0'),
(1584, 233, 2, '0'),
(1585, 233, 3, '0'),
(1586, 233, 4, '0'),
(1587, 233, 5, '0'),
(1588, 233, 6, '0'),
(1589, 233, 7, '0'),
(1590, 234, 1, NULL),
(1591, 234, 2, NULL),
(1592, 234, 3, NULL),
(1593, 234, 4, NULL),
(1594, 234, 5, NULL),
(1595, 234, 6, NULL),
(1596, 234, 7, NULL),
(1597, 235, 1, '0'),
(1598, 235, 2, '0'),
(1599, 235, 3, '0'),
(1600, 235, 4, '0'),
(1601, 235, 5, '0'),
(1602, 235, 6, '0'),
(1603, 235, 7, '0'),
(1604, 236, 1, NULL),
(1605, 236, 2, NULL),
(1606, 236, 3, NULL),
(1607, 236, 4, NULL),
(1608, 236, 5, NULL),
(1609, 236, 6, NULL),
(1610, 236, 7, NULL),
(1611, 237, 1, '0'),
(1612, 237, 2, '0'),
(1613, 237, 3, '0'),
(1614, 237, 4, '0'),
(1615, 237, 5, '0'),
(1616, 237, 6, '0'),
(1617, 237, 7, '0'),
(1618, 238, 1, '0'),
(1619, 238, 2, '0'),
(1620, 238, 3, '0'),
(1621, 238, 4, '0'),
(1622, 238, 5, '0'),
(1623, 238, 6, '0'),
(1624, 238, 7, '0'),
(1625, 239, 1, '0'),
(1626, 239, 2, '0'),
(1627, 239, 3, '1'),
(1628, 239, 4, '0'),
(1629, 239, 5, '0'),
(1630, 239, 6, '0'),
(1631, 239, 7, '0'),
(1632, 240, 1, '1'),
(1633, 240, 2, '0'),
(1634, 240, 3, '0'),
(1635, 240, 4, '0'),
(1636, 240, 5, '0'),
(1637, 240, 6, '0'),
(1638, 240, 7, '0'),
(1639, 241, 1, '1'),
(1640, 241, 2, '1'),
(1641, 241, 3, '0'),
(1642, 241, 4, '0'),
(1643, 241, 5, '0'),
(1644, 241, 6, '0'),
(1645, 241, 7, '0'),
(1646, 242, 1, '0'),
(1647, 242, 2, '0'),
(1648, 242, 3, '0'),
(1649, 242, 4, '0'),
(1650, 242, 5, '0'),
(1651, 242, 6, '0'),
(1652, 242, 7, '0'),
(1653, 243, 1, NULL),
(1654, 243, 2, NULL),
(1655, 243, 3, NULL),
(1656, 243, 4, NULL),
(1657, 243, 5, NULL),
(1658, 243, 6, NULL),
(1659, 243, 7, NULL),
(1660, 244, 1, NULL),
(1661, 244, 2, NULL),
(1662, 244, 3, NULL),
(1663, 244, 4, NULL),
(1664, 244, 5, NULL),
(1665, 244, 6, NULL),
(1666, 244, 7, NULL),
(1667, 245, 1, NULL),
(1668, 245, 2, NULL),
(1669, 245, 3, NULL),
(1670, 245, 4, NULL),
(1671, 245, 5, NULL),
(1672, 245, 6, NULL),
(1673, 245, 7, NULL),
(1715, 251, 7, NULL),
(1714, 251, 6, NULL),
(1713, 251, 5, NULL),
(1712, 251, 4, NULL),
(1711, 251, 3, NULL),
(1710, 251, 2, NULL),
(1709, 251, 1, NULL);

-- --------------------------------------------------------

--
-- Table structure for table `predmeti`
--

CREATE TABLE IF NOT EXISTS `predmeti` (
  `id` int(10) NOT NULL AUTO_INCREMENT,
  `naziv` varchar(30) NOT NULL,
  `idMape` int(10) NOT NULL,
  `latitude` varchar(30) NOT NULL,
  `longitude` varchar(30) NOT NULL,
  PRIMARY KEY (`id`)
) ENGINE=MyISAM  DEFAULT CHARSET=latin1 AUTO_INCREMENT=18 ;

--
-- Dumping data for table `predmeti`
--

INSERT INTO `predmeti` (`id`, `naziv`, `idMape`, `latitude`, `longitude`) VALUES
(1, 'luk i strela', 1, '43.321172', '21.895725'),
(2, 'kljuc', 1, '43.320158', '21.895266'),
(3, 'cekic', 1, '43.319268', '21.895009'),
(4, 'alat', 1, '43.317758', '21.891855'),
(5, 'lupa', 1, '43.318742', '21.891887'),
(6, 'okular', 1, '43.318488', '21.893646'),
(7, 'kompjuter', 1, '43.3121223449707', '21.89866828918457'),
(8, 'sedativi', 1, '43.313873291015625', '21.897905349731445'),
(9, 'aparat za gasenje', 1, '43.314231872558594', '21.89449691772461'),
(10, 'pistolj', 1, '43.31474685668945', '21.90005111694336'),
(11, 'night vision', 1, '43.310855865478516', '21.8962764733999023'),
(12, 'puska', 1, '43.31143569946289', '21.898408889770508'),
(13, 'mobilni', 1, '43.31265640258789', '21.907039642333984'),
(14, 'fotoaparat', 1, '43.317626953125', '21.894872665405273'),
(15, 'dokument', 1, '43.315284729003906', '21.898143768310547'),
(16, 'pancir', 1, '43.30923080444336', '21.902814865112305'),
(17, 'ometac', 1, '43.316070556640625', '21.8998966217041');

-- --------------------------------------------------------

--
-- Table structure for table `predmeti_statusi`
--

CREATE TABLE IF NOT EXISTS `predmeti_statusi` (
  `id` int(10) NOT NULL AUTO_INCREMENT,
  `idIgre` int(10) NOT NULL,
  `idPredmeta` int(10) NOT NULL,
  `status` varchar(5) DEFAULT NULL,
  PRIMARY KEY (`id`)
) ENGINE=MyISAM  DEFAULT CHARSET=latin1 AUTO_INCREMENT=4166 ;

--
-- Dumping data for table `predmeti_statusi`
--

INSERT INTO `predmeti_statusi` (`id`, `idIgre`, `idPredmeta`, `status`) VALUES
(3588, 218, 1, '0'),
(3589, 218, 2, '0'),
(3590, 218, 3, '0'),
(3591, 218, 4, '0'),
(3592, 218, 5, '0'),
(3593, 218, 6, '0'),
(3594, 218, 7, '0'),
(3595, 218, 8, '0'),
(3596, 218, 9, '0'),
(3597, 218, 10, '0'),
(3598, 218, 11, '0'),
(3599, 218, 12, '0'),
(3600, 218, 13, '0'),
(3601, 218, 14, '0'),
(3602, 218, 15, '0'),
(3603, 218, 16, '0'),
(3604, 218, 17, '0'),
(3605, 219, 1, '0'),
(3606, 219, 2, '0'),
(3607, 219, 3, '0'),
(3608, 219, 4, '0'),
(3609, 219, 5, '0'),
(3610, 219, 6, '0'),
(3611, 219, 7, '0'),
(3612, 219, 8, '0'),
(3613, 219, 9, '0'),
(3614, 219, 10, '0'),
(3615, 219, 11, '0'),
(3616, 219, 12, '0'),
(3617, 219, 13, '0'),
(3618, 219, 14, '0'),
(3619, 219, 15, '0'),
(3620, 219, 16, '0'),
(3621, 219, 17, '0'),
(3622, 220, 1, '0'),
(3623, 220, 2, '0'),
(3624, 220, 3, '0'),
(3625, 220, 4, '0'),
(3626, 220, 5, '0'),
(3627, 220, 6, '0'),
(3628, 220, 7, '0'),
(3629, 220, 8, '0'),
(3630, 220, 9, '0'),
(3631, 220, 10, '0'),
(3632, 220, 11, '0'),
(3633, 220, 12, '0'),
(3634, 220, 13, '0'),
(3635, 220, 14, '0'),
(3636, 220, 15, '1'),
(3637, 220, 16, '1'),
(3638, 220, 17, '1'),
(3639, 221, 1, '0'),
(3640, 221, 2, '0'),
(3641, 221, 3, '0'),
(3642, 221, 4, '0'),
(3643, 221, 5, '0'),
(3644, 221, 6, '0'),
(3645, 221, 7, '0'),
(3646, 221, 8, '0'),
(3647, 221, 9, '0'),
(3648, 221, 10, '0'),
(3649, 221, 11, '0'),
(3650, 221, 12, '0'),
(3651, 221, 13, '0'),
(3652, 221, 14, '0'),
(3653, 221, 15, '0'),
(3654, 221, 16, '0'),
(3655, 221, 17, '0'),
(3656, 222, 1, '0'),
(3657, 222, 2, '0'),
(3658, 222, 3, '0'),
(3659, 222, 4, '0'),
(3660, 222, 5, '0'),
(3661, 222, 6, '0'),
(3662, 222, 7, '0'),
(3663, 222, 8, '0'),
(3664, 222, 9, '0'),
(3665, 222, 10, '0'),
(3666, 222, 11, '0'),
(3667, 222, 12, '0'),
(3668, 222, 13, '0'),
(3669, 222, 14, '0'),
(3670, 222, 15, '0'),
(3671, 222, 16, '0'),
(3672, 222, 17, '0'),
(3673, 223, 1, '0'),
(3674, 223, 2, '0'),
(3675, 223, 3, '0'),
(3676, 223, 4, '0'),
(3677, 223, 5, '0'),
(3678, 223, 6, '0'),
(3679, 223, 7, '0'),
(3680, 223, 8, '0'),
(3681, 223, 9, '0'),
(3682, 223, 10, '0'),
(3683, 223, 11, '0'),
(3684, 223, 12, '0'),
(3685, 223, 13, '0'),
(3686, 223, 14, '0'),
(3687, 223, 15, '0'),
(3688, 223, 16, '0'),
(3689, 223, 17, '0'),
(3690, 224, 1, '0'),
(3691, 224, 2, '0'),
(3692, 224, 3, '0'),
(3693, 224, 4, '0'),
(3694, 224, 5, '0'),
(3695, 224, 6, '0'),
(3696, 224, 7, '0'),
(3697, 224, 8, '0'),
(3698, 224, 9, '0'),
(3699, 224, 10, '0'),
(3700, 224, 11, '0'),
(3701, 224, 12, '0'),
(3702, 224, 13, '0'),
(3703, 224, 14, '0'),
(3704, 224, 15, '0'),
(3705, 224, 16, '0'),
(3706, 224, 17, '0'),
(3707, 225, 1, NULL),
(3708, 225, 2, NULL),
(3709, 225, 3, NULL),
(3710, 225, 4, NULL),
(3711, 225, 5, NULL),
(3712, 225, 6, NULL),
(3713, 225, 7, NULL),
(3714, 225, 8, NULL),
(3715, 225, 9, NULL),
(3716, 225, 10, NULL),
(3717, 225, 11, NULL),
(3718, 225, 12, '1'),
(3719, 225, 13, NULL),
(3720, 225, 14, NULL),
(3721, 225, 15, NULL),
(3722, 225, 16, '1'),
(3723, 225, 17, '1'),
(3724, 226, 1, '0'),
(3725, 226, 2, '0'),
(3726, 226, 3, '0'),
(3727, 226, 4, '0'),
(3728, 226, 5, '0'),
(3729, 226, 6, '0'),
(3730, 226, 7, '0'),
(3731, 226, 8, '0'),
(3732, 226, 9, '0'),
(3733, 226, 10, '0'),
(3734, 226, 11, '0'),
(3735, 226, 12, '0'),
(3736, 226, 13, '0'),
(3737, 226, 14, '0'),
(3738, 226, 15, '0'),
(3739, 226, 16, '0'),
(3740, 226, 17, '0'),
(3741, 227, 1, '0'),
(3742, 227, 2, '0'),
(3743, 227, 3, '0'),
(3744, 227, 4, '0'),
(3745, 227, 5, '0'),
(3746, 227, 6, '0'),
(3747, 227, 7, '0'),
(3748, 227, 8, '0'),
(3749, 227, 9, '0'),
(3750, 227, 10, '0'),
(3751, 227, 11, '0'),
(3752, 227, 12, '0'),
(3753, 227, 13, '0'),
(3754, 227, 14, '0'),
(3755, 227, 15, '0'),
(3756, 227, 16, '0'),
(3757, 227, 17, '0'),
(3758, 228, 1, NULL),
(3759, 228, 2, NULL),
(3760, 228, 3, NULL),
(3761, 228, 4, NULL),
(3762, 228, 5, NULL),
(3763, 228, 6, NULL),
(3764, 228, 7, NULL),
(3765, 228, 8, NULL),
(3766, 228, 9, NULL),
(3767, 228, 10, NULL),
(3768, 228, 11, NULL),
(3769, 228, 12, NULL),
(3770, 228, 13, NULL),
(3771, 228, 14, NULL),
(3772, 228, 15, NULL),
(3773, 228, 16, NULL),
(3774, 228, 17, NULL),
(3775, 229, 1, NULL),
(3776, 229, 2, NULL),
(3777, 229, 3, NULL),
(3778, 229, 4, NULL),
(3779, 229, 5, NULL),
(3780, 229, 6, NULL),
(3781, 229, 7, NULL),
(3782, 229, 8, NULL),
(3783, 229, 9, NULL),
(3784, 229, 10, NULL),
(3785, 229, 11, NULL),
(3786, 229, 12, NULL),
(3787, 229, 13, NULL),
(3788, 229, 14, NULL),
(3789, 229, 15, NULL),
(3790, 229, 16, NULL),
(3791, 229, 17, NULL),
(3792, 230, 1, NULL),
(3793, 230, 2, NULL),
(3794, 230, 3, NULL),
(3795, 230, 4, NULL),
(3796, 230, 5, NULL),
(3797, 230, 6, NULL),
(3798, 230, 7, NULL),
(3799, 230, 8, NULL),
(3800, 230, 9, NULL),
(3801, 230, 10, NULL),
(3802, 230, 11, NULL),
(3803, 230, 12, NULL),
(3804, 230, 13, NULL),
(3805, 230, 14, NULL),
(3806, 230, 15, NULL),
(3807, 230, 16, NULL),
(3808, 230, 17, NULL),
(3809, 231, 1, NULL),
(3810, 231, 2, NULL),
(3811, 231, 3, NULL),
(3812, 231, 4, NULL),
(3813, 231, 5, NULL),
(3814, 231, 6, NULL),
(3815, 231, 7, NULL),
(3816, 231, 8, NULL),
(3817, 231, 9, NULL),
(3818, 231, 10, NULL),
(3819, 231, 11, NULL),
(3820, 231, 12, NULL),
(3821, 231, 13, NULL),
(3822, 231, 14, NULL),
(3823, 231, 15, NULL),
(3824, 231, 16, NULL),
(3825, 231, 17, NULL),
(3826, 232, 1, '0'),
(3827, 232, 2, '0'),
(3828, 232, 3, '0'),
(3829, 232, 4, '0'),
(3830, 232, 5, '0'),
(3831, 232, 6, '0'),
(3832, 232, 7, '0'),
(3833, 232, 8, '0'),
(3834, 232, 9, '0'),
(3835, 232, 10, '0'),
(3836, 232, 11, '0'),
(3837, 232, 12, '0'),
(3838, 232, 13, '0'),
(3839, 232, 14, '0'),
(3840, 232, 15, '0'),
(3841, 232, 16, '0'),
(3842, 232, 17, '0'),
(3843, 233, 1, '0'),
(3844, 233, 2, '0'),
(3845, 233, 3, '0'),
(3846, 233, 4, '0'),
(3847, 233, 5, '0'),
(3848, 233, 6, '0'),
(3849, 233, 7, '0'),
(3850, 233, 8, '0'),
(3851, 233, 9, '0'),
(3852, 233, 10, '0'),
(3853, 233, 11, '0'),
(3854, 233, 12, '0'),
(3855, 233, 13, '0'),
(3856, 233, 14, '0'),
(3857, 233, 15, '0'),
(3858, 233, 16, '0'),
(3859, 233, 17, '0'),
(3860, 234, 1, NULL),
(3861, 234, 2, NULL),
(3862, 234, 3, NULL),
(3863, 234, 4, NULL),
(3864, 234, 5, NULL),
(3865, 234, 6, NULL),
(3866, 234, 7, NULL),
(3867, 234, 8, NULL),
(3868, 234, 9, NULL),
(3869, 234, 10, NULL),
(3870, 234, 11, NULL),
(3871, 234, 12, NULL),
(3872, 234, 13, NULL),
(3873, 234, 14, NULL),
(3874, 234, 15, NULL),
(3875, 234, 16, NULL),
(3876, 234, 17, NULL),
(3877, 235, 1, '0'),
(3878, 235, 2, '0'),
(3879, 235, 3, '0'),
(3880, 235, 4, '0'),
(3881, 235, 5, '0'),
(3882, 235, 6, '0'),
(3883, 235, 7, '0'),
(3884, 235, 8, '0'),
(3885, 235, 9, '0'),
(3886, 235, 10, '0'),
(3887, 235, 11, '0'),
(3888, 235, 12, '0'),
(3889, 235, 13, '0'),
(3890, 235, 14, '0'),
(3891, 235, 15, '0'),
(3892, 235, 16, '0'),
(3893, 235, 17, '0'),
(3894, 236, 1, NULL),
(3895, 236, 2, NULL),
(3896, 236, 3, NULL),
(3897, 236, 4, NULL),
(3898, 236, 5, NULL),
(3899, 236, 6, NULL),
(3900, 236, 7, NULL),
(3901, 236, 8, NULL),
(3902, 236, 9, NULL),
(3903, 236, 10, NULL),
(3904, 236, 11, NULL),
(3905, 236, 12, NULL),
(3906, 236, 13, NULL),
(3907, 236, 14, NULL),
(3908, 236, 15, NULL),
(3909, 236, 16, NULL),
(3910, 236, 17, NULL),
(3911, 237, 1, '0'),
(3912, 237, 2, '0'),
(3913, 237, 3, '0'),
(3914, 237, 4, '0'),
(3915, 237, 5, '0'),
(3916, 237, 6, '0'),
(3917, 237, 7, '0'),
(3918, 237, 8, '0'),
(3919, 237, 9, '0'),
(3920, 237, 10, '0'),
(3921, 237, 11, '0'),
(3922, 237, 12, '0'),
(3923, 237, 13, '0'),
(3924, 237, 14, '0'),
(3925, 237, 15, '0'),
(3926, 237, 16, '0'),
(3927, 237, 17, '0'),
(3928, 238, 1, '0'),
(3929, 238, 2, '0'),
(3930, 238, 3, '0'),
(3931, 238, 4, '0'),
(3932, 238, 5, '0'),
(3933, 238, 6, '0'),
(3934, 238, 7, '0'),
(3935, 238, 8, '0'),
(3936, 238, 9, '0'),
(3937, 238, 10, '0'),
(3938, 238, 11, '0'),
(3939, 238, 12, '0'),
(3940, 238, 13, '0'),
(3941, 238, 14, '0'),
(3942, 238, 15, '0'),
(3943, 238, 16, '0'),
(3944, 238, 17, '0'),
(3945, 239, 1, '0'),
(3946, 239, 2, '0'),
(3947, 239, 3, '0'),
(3948, 239, 4, '0'),
(3949, 239, 5, '0'),
(3950, 239, 6, '0'),
(3951, 239, 7, '1'),
(3952, 239, 8, '1'),
(3953, 239, 9, '1'),
(3954, 239, 10, '0'),
(3955, 239, 11, '0'),
(3956, 239, 12, '0'),
(3957, 239, 13, '0'),
(3958, 239, 14, '0'),
(3959, 239, 15, '0'),
(3960, 239, 16, '0'),
(3961, 239, 17, '0'),
(3962, 240, 1, '1'),
(3963, 240, 2, '1'),
(3964, 240, 3, '1'),
(3965, 240, 4, '0'),
(3966, 240, 5, '0'),
(3967, 240, 6, '0'),
(3968, 240, 7, '0'),
(3969, 240, 8, '0'),
(3970, 240, 9, '0'),
(3971, 240, 10, '0'),
(3972, 240, 11, '0'),
(3973, 240, 12, '0'),
(3974, 240, 13, '0'),
(3975, 240, 14, '0'),
(3976, 240, 15, '0'),
(3977, 240, 16, '0'),
(3978, 240, 17, '0'),
(3979, 241, 1, '1'),
(3980, 241, 2, '1'),
(3981, 241, 3, '1'),
(3982, 241, 4, '1'),
(3983, 241, 5, '1'),
(3984, 241, 6, '1'),
(3985, 241, 7, '0'),
(3986, 241, 8, '0'),
(3987, 241, 9, '0'),
(3988, 241, 10, '0'),
(3989, 241, 11, '0'),
(3990, 241, 12, '0'),
(3991, 241, 13, '0'),
(3992, 241, 14, '0'),
(3993, 241, 15, '0'),
(3994, 241, 16, '0'),
(3995, 241, 17, '0'),
(3996, 242, 1, '0'),
(3997, 242, 2, '0'),
(3998, 242, 3, '0'),
(3999, 242, 4, '0'),
(4000, 242, 5, '0'),
(4001, 242, 6, '0'),
(4002, 242, 7, '0'),
(4003, 242, 8, '0'),
(4004, 242, 9, '0'),
(4005, 242, 10, '0'),
(4006, 242, 11, '0'),
(4007, 242, 12, '0'),
(4008, 242, 13, '0'),
(4009, 242, 14, '0'),
(4010, 242, 15, '0'),
(4011, 242, 16, '0'),
(4012, 242, 17, '0'),
(4013, 243, 1, NULL),
(4014, 243, 2, NULL),
(4015, 243, 3, NULL),
(4016, 243, 4, NULL),
(4017, 243, 5, NULL),
(4018, 243, 6, NULL),
(4019, 243, 7, NULL),
(4020, 243, 8, NULL),
(4021, 243, 9, NULL),
(4022, 243, 10, NULL),
(4023, 243, 11, NULL),
(4024, 243, 12, NULL),
(4025, 243, 13, NULL),
(4026, 243, 14, NULL),
(4027, 243, 15, NULL),
(4028, 243, 16, NULL),
(4029, 243, 17, NULL),
(4030, 244, 1, NULL),
(4031, 244, 2, NULL),
(4032, 244, 3, NULL),
(4033, 244, 4, NULL),
(4034, 244, 5, NULL),
(4035, 244, 6, NULL),
(4036, 244, 7, NULL),
(4037, 244, 8, NULL),
(4038, 244, 9, NULL),
(4039, 244, 10, NULL),
(4040, 244, 11, NULL),
(4041, 244, 12, NULL),
(4042, 244, 13, NULL),
(4043, 244, 14, NULL),
(4044, 244, 15, NULL),
(4045, 244, 16, NULL),
(4046, 244, 17, NULL),
(4047, 245, 1, NULL),
(4048, 245, 2, NULL),
(4049, 245, 3, NULL),
(4050, 245, 4, NULL),
(4051, 245, 5, NULL),
(4052, 245, 6, NULL),
(4053, 245, 7, NULL),
(4054, 245, 8, NULL),
(4055, 245, 9, NULL),
(4056, 245, 10, NULL),
(4057, 245, 11, NULL),
(4058, 245, 12, NULL),
(4059, 245, 13, NULL),
(4060, 245, 14, NULL),
(4061, 245, 15, NULL),
(4062, 245, 16, NULL),
(4063, 245, 17, NULL),
(4165, 251, 17, NULL),
(4164, 251, 16, NULL),
(4163, 251, 15, NULL),
(4162, 251, 14, NULL),
(4161, 251, 13, NULL),
(4160, 251, 12, NULL),
(4159, 251, 11, NULL),
(4158, 251, 10, NULL),
(4157, 251, 9, NULL),
(4156, 251, 8, NULL),
(4155, 251, 7, NULL),
(4154, 251, 6, NULL),
(4153, 251, 5, NULL),
(4152, 251, 4, NULL),
(4151, 251, 3, NULL),
(4150, 251, 2, NULL),
(4149, 251, 1, NULL);

-- --------------------------------------------------------

--
-- Table structure for table `uslovi_pljacke`
--

CREATE TABLE IF NOT EXISTS `uslovi_pljacke` (
  `id` int(10) NOT NULL AUTO_INCREMENT,
  `idObjekta` int(10) NOT NULL,
  `idPredmeta` int(10) NOT NULL,
  PRIMARY KEY (`id`)
) ENGINE=MyISAM  DEFAULT CHARSET=latin1 AUTO_INCREMENT=16 ;

--
-- Dumping data for table `uslovi_pljacke`
--

INSERT INTO `uslovi_pljacke` (`id`, `idObjekta`, `idPredmeta`) VALUES
(1, 1, 1),
(2, 1, 2),
(3, 1, 3),
(4, 2, 4),
(5, 2, 5),
(6, 2, 6),
(7, 3, 7),
(8, 3, 8),
(9, 3, 9),
(10, 4, 10),
(11, 4, 11),
(12, 4, 12),
(13, 5, 13),
(14, 5, 14),
(15, 5, 15);

/*!40101 SET CHARACTER_SET_CLIENT=@OLD_CHARACTER_SET_CLIENT */;
/*!40101 SET CHARACTER_SET_RESULTS=@OLD_CHARACTER_SET_RESULTS */;
/*!40101 SET COLLATION_CONNECTION=@OLD_COLLATION_CONNECTION */;
